{"cameraMode":{"drawMode":0,"name":"Shaded","section":"Shading Mode"},"sceneLighting":true,"audioPlay":false,"sceneViewState":{"m_AlwaysRefresh":false,"showFog":true,"showSkybox":true,"showFlares":true,"showImageEffects":true,"showParticleSystems":true,"showVisualEffectGraphs":true,"m_FxEnabled":true},"in2DMode":false,"pivot":{"x":-0.12580366432666779,"y":-2.8950114250183107,"z":-18.379846572875978},"rotation":{"x":0.0016502328217029572,"y":0.9930646419525147,"z":-0.11703673005104065,"w":0.014972422271966935},"size":10.810129165649414,"orthographic":false}